City_ID,City,Country,Lat,Lng,Max Temp,Humidity,Cloudiness,Wind Speed,Current Description
0,Jamestown,US,42.097,-79.2353,20.52,51,100,3.44,mist
1,Shelburne,CA,44.0787,-80.2041,5.67,88,100,7.52,overcast clouds
2,Bengkulu,ID,-3.8004,102.2655,76.21,86,100,3.76,overcast clouds
3,Saint George,US,37.1041,-113.5841,44.94,29,0,4.0,clear sky
4,Ambon,ID,-3.6954,128.1814,89.74,58,20,8.05,few clouds
5,Hermanus,ZA,-34.4187,19.2345,64.8,72,1,18.14,clear sky
6,Soyo,AO,-6.1349,12.3689,76.69,83,73,2.08,broken clouds
7,Cayenne,GF,4.9333,-52.3333,79.09,88,100,7.0,overcast clouds
8,Punta Arenas,CL,-53.15,-70.9167,46.51,71,0,3.44,clear sky
9,Katsuura,JP,35.1333,140.3,47.19,41,97,11.21,overcast clouds
10,Mimongo,GA,-1.6195,11.6068,67.8,97,100,1.03,overcast clouds
11,Fortuna,US,40.5982,-124.1573,48.18,94,75,8.05,broken clouds
12,Sibu,MY,2.3,111.8167,83.75,71,100,4.0,overcast clouds
13,Aranos,NA,-24.1333,19.1167,72.97,43,34,7.38,scattered clouds
14,Lata,PT,40.1629,-8.3327,47.05,96,73,1.86,broken clouds
15,Sadon,RU,42.8518,44.0037,20.75,94,72,3.22,light snow
16,Margate,GB,51.3813,1.3862,39.96,81,1,3.0,clear sky
17,Saint-Augustin,CA,51.226,-58.6502,-10.71,86,100,9.46,overcast clouds
18,Villa Carlos Paz,AR,-31.4241,-64.4978,66.4,10,0,5.39,clear sky
19,Rocha,UY,-34.4833,-54.3333,65.8,96,47,3.04,scattered clouds
20,Busselton,AU,-33.65,115.3333,99.09,29,10,8.88,clear sky
21,Saint-Philippe,RE,-21.3585,55.7679,80.19,89,100,25.17,moderate rain
22,Kodiak,US,57.79,-152.4072,38.71,87,100,0.0,overcast clouds
23,Biu,NG,10.6129,12.1946,59.65,26,3,8.66,clear sky
24,Riyadh,SA,24.6877,46.7219,62.46,33,28,20.58,scattered clouds
25,Venustiano Carranza,MX,19.43,-99.0992,64.38,40,40,17.0,scattered clouds
26,Albany,US,42.6001,-73.9662,17.91,84,100,4.59,overcast clouds
27,Sobolevo,RU,54.4299,31.8996,0.03,100,100,6.62,overcast clouds
28,Bethel,US,41.3712,-73.414,30.81,83,100,10.36,overcast clouds
29,Ornskoldsvik,SE,63.2909,18.7153,31.15,100,20,8.05,few clouds
30,Bubaque,GW,11.2833,-15.8333,77.7,65,0,8.03,clear sky
31,Khrebtovaya,RU,56.7032,104.2494,10.69,94,100,6.91,light snow
32,Sistranda,NO,63.7256,8.834,36.9,92,100,46.19,overcast clouds
33,Sitka,US,57.0531,-135.33,42.69,81,100,13.8,light rain
34,Hasaki,JP,35.7333,140.8333,46.29,33,7,14.43,clear sky
35,Ushuaia,AR,-54.8,-68.3,47.86,71,0,6.91,clear sky
36,Kutum,SD,14.2,24.6667,50.9,29,0,10.85,clear sky
37,Hobart,AU,-42.8794,147.3294,69.22,64,75,10.36,broken clouds
38,Port Alfred,ZA,-33.5906,26.891,69.1,82,94,9.89,light rain
39,Suntar,RU,62.1444,117.6319,-3.68,95,100,2.17,overcast clouds
40,Pacific Grove,US,36.6177,-121.9166,57.27,66,0,4.0,clear sky
41,Bardsir,IR,29.9227,56.5743,48.61,47,27,14.32,scattered clouds
42,Longyearbyen,SJ,78.2186,15.6401,13.84,57,20,26.46,few clouds
43,Beringovskiy,RU,63.05,179.3167,-8.21,87,58,12.19,broken clouds
44,Rikitea,PF,-23.1203,-134.9692,79.07,68,4,8.14,clear sky
45,Dingle,PH,10.9995,122.6711,80.78,73,89,18.68,overcast clouds
46,East London,ZA,-33.0153,27.9116,68.27,90,100,8.46,light rain
47,Tocopilla,CL,-22.092,-70.1979,70.52,67,1,7.81,clear sky
48,Belmonte,BR,-15.8631,-38.8828,79.3,88,100,8.28,overcast clouds
49,Lebu,CL,-37.6167,-73.65,57.76,85,78,17.02,broken clouds
50,Butaritari,KI,3.0707,172.7902,82.63,77,36,17.76,scattered clouds
51,Indramayu,ID,-6.3264,108.32,81.37,78,90,12.84,overcast clouds
52,Barrow,US,71.2906,-156.7887,-18.56,99,100,7.07,overcast clouds
53,Salalah,OM,17.0151,54.0924,67.55,80,0,2.48,clear sky
54,Ayr,GB,55.4627,-4.6339,41.5,87,75,20.71,broken clouds
55,Atuona,PF,-9.8,-139.0333,78.51,77,22,15.9,few clouds
56,Mataura,NZ,-46.1927,168.8643,59.49,37,7,4.9,clear sky
57,Souillac,MU,-20.5167,57.5167,80.37,89,75,17.27,light rain
58,Arraial Do Cabo,BR,-22.9661,-42.0278,75.81,87,100,22.39,overcast clouds
59,Kalmunai,LK,7.4167,81.8167,76.93,74,84,0.98,broken clouds
60,Esperance,AU,-33.8667,121.9,85.84,46,4,9.08,clear sky
61,La Ronge,CA,55.1001,-105.2842,-3.1,97,100,9.75,light snow
62,Putina,PE,-15.4667,-69.4333,44.29,86,100,3.31,overcast clouds
63,Kapaa,US,22.0752,-159.319,79.12,59,38,1.99,scattered clouds
64,Bluff,NZ,-46.6,168.3333,58.8,57,53,5.08,broken clouds
65,Mount Gambier,AU,-37.8333,140.7667,75.11,41,40,8.05,scattered clouds
66,Manjacaze,MZ,-24.7117,33.8828,73.29,79,66,6.33,broken clouds
67,Saskylakh,RU,71.9167,114.0833,-9.9,99,99,5.48,overcast clouds
68,Mar Del Plata,AR,-38.0023,-57.5575,66.22,85,100,11.99,light rain
69,Kaitangata,NZ,-46.2817,169.8464,57.29,54,15,8.5,few clouds
70,Ribeira Grande,PT,38.5167,-28.7,58.93,82,25,12.88,scattered clouds
71,Grand Gaube,MU,-20.0064,57.6608,80.38,80,99,13.0,overcast clouds
72,Maniitsoq,GL,65.4167,-52.9,7.75,86,100,13.87,light snow
73,Nizwa,OM,22.9333,57.5333,62.01,39,5,1.54,clear sky
74,Sakaraha,MG,-22.9,44.5333,70.59,76,4,1.88,clear sky
75,Carnarvon,AU,-24.8667,113.6333,104.07,16,10,12.66,clear sky
76,Victoria,HK,22.2855,114.1577,61.25,76,90,5.01,overcast clouds
77,Trelleborg,SE,55.3751,13.1569,36.34,84,45,21.52,scattered clouds
78,Itarema,BR,-2.9248,-39.9167,79.03,80,65,10.63,broken clouds
79,Port Lincoln,AU,-34.7333,135.8667,73.13,59,6,10.67,clear sky
80,Port Elizabeth,ZA,-33.918,25.5701,67.1,82,75,2.3,broken clouds
81,Jacksonville,US,30.3322,-81.6556,68.05,89,100,1.01,overcast clouds
82,Avarua,CK,-21.2078,-159.775,82.45,78,40,12.66,scattered clouds
83,Karla,EE,59.3723,24.9275,29.91,84,100,17.27,overcast clouds
84,Gao,ML,16.6362,1.637,57.49,15,0,11.43,clear sky
85,Padang,ID,-0.9492,100.3543,80.65,72,86,0.27,overcast clouds
86,Tiksi,RU,71.6872,128.8694,-22.23,98,69,7.36,broken clouds
87,Puerto Ayora,EC,-0.7393,-90.3518,75.54,92,56,3.0,broken clouds
88,Havoysund,NO,70.9963,24.6622,20.28,79,100,21.27,overcast clouds
89,Dikson,RU,73.5069,80.5464,-1.71,92,100,4.99,overcast clouds
90,Neyshabur,IR,36.2133,58.7958,47.34,31,2,3.18,clear sky
91,Trojes,AL,41.756,19.962,28.89,68,88,3.76,overcast clouds
92,Yerbogachen,RU,61.2767,108.0108,-7.8,100,97,4.27,overcast clouds
93,Sambava,MG,-14.2667,50.1667,75.92,81,100,5.08,overcast clouds
94,Georgetown,MY,5.4112,100.3354,84.13,83,20,1.01,few clouds
95,Bredasdorp,ZA,-34.5322,20.0403,64.27,82,45,3.44,scattered clouds
96,Chapais,CA,49.7834,-74.8492,-10.08,95,100,3.36,overcast clouds
97,Jalu,LY,29.0331,21.5482,49.06,76,0,6.87,clear sky
98,Harper,LR,4.375,-7.7169,78.6,83,80,5.48,broken clouds
99,Manokwari,ID,-0.8667,134.0833,83.89,69,93,9.46,overcast clouds
100,Najran,SA,17.4924,44.1277,63.12,72,3,7.2,clear sky
101,Mangan,IN,27.5167,88.5333,49.14,94,99,1.5,overcast clouds
102,Vaini,TO,-21.2,-175.2,77.16,94,100,17.27,overcast clouds
103,Cape Town,ZA,-33.9258,18.4232,65.88,68,0,3.0,clear sky
104,Castro,BR,-24.7911,-50.0119,64.38,98,64,4.25,broken clouds
105,Nikolskoye,RU,59.7035,30.7861,18.39,88,100,12.44,overcast clouds
106,Narsaq,GL,60.9167,-46.05,-0.47,52,0,15.93,clear sky
107,Naze,JP,28.3667,129.4833,53.62,64,98,17.29,overcast clouds
108,Ambilobe,MG,-13.2,49.05,75.42,90,100,10.47,light rain
109,Krasnyy Chikoy,RU,50.3643,108.7512,10.56,87,100,4.0,overcast clouds
110,Nelipyno,UA,48.561,23.0315,33.6,90,100,3.33,overcast clouds
111,Sao Filipe,CV,14.8961,-24.4956,73.08,71,0,10.6,clear sky
112,Cahir,IE,52.3769,-7.9217,40.33,90,41,7.49,scattered clouds
113,Saldanha,ZA,-33.0117,17.9442,60.85,73,0,9.33,clear sky
114,Yulara,AU,-25.2406,130.9889,82.2,19,0,10.4,clear sky
115,Tasiilaq,GL,65.6145,-37.6368,24.96,69,100,42.46,overcast clouds
116,Labuhan,ID,-6.8844,112.2051,84.27,71,32,8.48,scattered clouds
117,Sept-Iles,CA,50.2001,-66.3821,-0.94,64,100,5.99,overcast clouds
118,Hilo,US,19.7297,-155.09,75.25,95,29,1.01,scattered clouds
119,Bambous Virieux,MU,-20.3428,57.7575,80.22,89,75,17.27,light rain
120,Te Anau,NZ,-45.4167,167.7167,64.02,39,4,4.9,clear sky
121,Ubinskoye,RU,55.3068,79.6802,11.16,85,100,11.05,overcast clouds
122,Ullapool,GB,57.8987,-5.1604,39.34,88,99,18.97,light rain
123,Nanortalik,GL,60.1432,-45.2371,11.88,61,82,38.97,broken clouds
124,Pangnirtung,CA,66.1451,-65.7125,-25.64,99,100,1.92,overcast clouds
125,Meulaboh,ID,4.1363,96.1285,81.52,72,85,3.58,moderate rain
126,Diamantino,BR,-14.4086,-56.4461,72.81,91,43,2.19,scattered clouds
127,Yairipok,IN,24.6667,94.0667,56.75,82,99,0.85,overcast clouds
128,Saint Stephen,GB,50.3333,-4.9,44.87,70,20,10.36,few clouds
129,Olafsvik,IS,64.8945,-23.7142,27.23,65,100,22.55,overcast clouds
130,Betulia,CO,6.1128,-75.9838,63.0,97,99,2.73,overcast clouds
131,Norman Wells,CA,65.282,-126.8329,-12.48,90,100,7.49,overcast clouds
132,Severo-Kurilsk,RU,50.6789,156.125,31.26,85,92,9.22,light snow
133,Kristiinankaupunki,FI,62.2743,21.376,32.52,98,100,10.25,light snow
134,Sao Raimundo Das Mangabeiras,BR,-7.0219,-45.4811,75.13,81,98,3.06,overcast clouds
135,Touros,BR,-5.1989,-35.4608,81.5,74,4,12.91,clear sky
136,Progreso,MX,21.2833,-89.6667,76.1,88,78,10.4,broken clouds
137,Tiznit,MA,29.5833,-9.5,61.39,33,100,5.39,overcast clouds
138,Mancheral,IN,18.8667,79.4333,66.15,28,97,5.39,overcast clouds
139,Balkanabat,TM,39.5108,54.3671,50.95,63,87,6.62,overcast clouds
140,Wenling,CN,28.3669,121.36,49.91,57,1,11.81,clear sky
141,Iqaluit,CA,63.7506,-68.5145,-16.87,58,75,0.0,broken clouds
142,Camana,PE,-16.6228,-72.7111,70.99,82,77,6.62,broken clouds
143,Khatanga,RU,71.9667,102.5,-35.79,100,87,2.53,overcast clouds
144,Alpena,US,45.0617,-83.4327,8.74,84,20,1.01,few clouds
145,Sorland,NO,67.667,12.6934,28.47,88,100,26.98,snow
146,Vostryakovo,RU,55.4006,37.8111,16.07,85,40,2.24,mist
147,Cabo San Lucas,MX,22.8909,-109.9124,66.51,68,0,3.44,clear sky
148,Ketchikan,US,55.3422,-131.6461,45.07,76,75,6.91,broken clouds
149,Bismarck,US,46.8083,-100.7837,13.87,68,100,16.11,overcast clouds
150,Gayny,RU,60.3071,54.3241,11.34,94,100,5.68,overcast clouds
151,Shache,CN,38.4167,77.2406,25.92,42,99,3.09,overcast clouds
152,Deputatskiy,RU,69.3,139.9,-26.36,99,75,2.77,broken clouds
153,Sayyan,YE,15.1718,44.3244,51.26,82,68,3.27,broken clouds
154,Cedar City,US,37.6775,-113.0619,29.39,50,0,0.0,clear sky
155,Turhal,TR,40.3875,36.0811,26.58,93,80,3.2,broken clouds
156,Manaure,CO,11.7751,-72.4445,76.41,80,0,12.71,clear sky
157,Tongliao,CN,43.6125,122.2653,11.62,71,2,11.81,clear sky
158,Atar,MR,20.5169,-13.0499,68.79,12,20,6.02,few clouds
159,Ekhabi,RU,53.5102,142.9671,3.11,94,100,21.54,light snow
160,Henties Bay,NA,-22.116,14.2845,66.85,84,100,4.21,overcast clouds
161,Mahebourg,MU,-20.4081,57.7,80.26,89,75,17.27,broken clouds
162,Bambamarca,PE,-6.6833,-78.5333,52.52,93,80,2.15,broken clouds
163,Yellowknife,CA,62.456,-114.3525,-26.45,80,100,5.01,overcast clouds
164,Paamiut,GL,61.994,-49.6678,5.38,92,100,7.9,light snow
165,Naica,MX,27.85,-105.4833,36.54,23,0,12.12,clear sky
166,San Ramon,US,37.7799,-121.978,55.4,65,5,2.13,clear sky
167,Mackenzie,CA,55.2999,-123.1698,36.21,95,100,7.45,overcast clouds
168,Khani,GE,41.9563,42.9566,26.17,99,99,7.65,snow
169,Namibe,AO,-15.1961,12.1522,70.48,69,17,6.29,few clouds
170,Foumban,CM,5.7291,10.9001,62.06,33,11,1.66,few clouds
171,Senneterre,CA,48.3835,-77.2328,-4.74,96,100,3.11,overcast clouds
172,Jauharabad,PK,32.2898,72.2813,48.31,67,0,2.44,clear sky
173,Sao Jose Da Coroa Grande,BR,-8.8978,-35.1478,78.31,75,7,7.16,clear sky
174,Kouango,CF,4.9934,19.9619,72.37,24,100,4.61,overcast clouds
175,Acarau,BR,-2.8856,-40.12,78.67,82,41,11.16,scattered clouds
176,Skjervoy,NO,70.0311,20.9714,23.63,70,49,21.85,scattered clouds
177,Riverton,US,40.5219,-111.9391,30.36,68,0,4.0,clear sky
178,Pemba,MZ,-12.974,40.5178,77.7,94,75,8.05,broken clouds
179,Alice Springs,AU,-23.7,133.8833,78.35,31,0,8.05,clear sky
180,Santa Rita,BR,-7.1139,-34.9781,79.47,83,40,3.44,scattered clouds
181,Caravelas,BR,-17.7125,-39.2481,75.56,92,100,6.64,overcast clouds
182,Marzuq,YE,14.4,46.4667,61.41,28,0,5.17,clear sky
183,Thai Binh,VN,20.45,106.3333,59.0,66,100,5.48,overcast clouds
184,Jaisalmer,IN,26.9147,70.9181,60.78,24,0,7.76,clear sky
185,Rafaela,AR,-31.2503,-61.4867,72.05,76,11,1.01,few clouds
186,Ugento,IT,39.9263,18.1574,50.97,76,94,11.5,overcast clouds
187,New Norfolk,AU,-42.7826,147.0587,69.89,52,98,1.99,overcast clouds
188,Torbay,CA,47.6666,-52.7314,32.58,97,100,12.66,mist
189,Cherskiy,RU,68.75,161.3,-29.94,96,9,3.53,clear sky
190,Sanchursk,RU,56.9413,47.2499,20.39,94,100,12.88,snow
191,Upernavik,GL,72.7868,-56.1549,4.06,95,100,14.52,overcast clouds
192,Mukhen,RU,48.1,136.1,1.74,86,100,5.41,overcast clouds
193,Mao,ES,39.8885,4.2658,48.76,93,0,6.91,clear sky
194,Satka,RU,55.0425,59.04,18.73,89,100,4.61,overcast clouds
195,Zhangye,CN,38.9342,100.4517,20.52,30,100,3.15,overcast clouds
196,Sabang,ID,5.8933,95.3214,81.9,75,88,17.2,overcast clouds
197,Portobelo,PA,9.55,-79.65,77.41,84,8,12.71,clear sky
198,Kalemie,CD,-5.9475,29.1947,68.7,89,100,1.92,light rain
199,Zarubino,RU,42.63,131.0922,14.59,47,22,18.7,few clouds
200,Ukiah,US,39.1502,-123.2078,54.12,62,0,0.0,clear sky
201,Omboue,GA,-1.5746,9.2618,76.53,85,92,5.48,overcast clouds
202,Lubao,PH,14.9167,120.55,85.14,54,87,19.39,overcast clouds
203,Aklavik,CA,68.2191,-135.0107,-25.69,90,6,17.67,clear sky
204,Zhigansk,RU,66.7697,123.3711,-27.02,98,99,4.99,overcast clouds
205,Qaanaaq,GL,77.484,-69.3632,1.63,70,100,6.31,overcast clouds
206,Lashio,MM,22.9333,97.75,65.46,40,0,1.77,clear sky
207,Vangaindrano,MG,-23.35,47.6,76.24,92,100,13.96,moderate rain
208,Roald,NO,62.5833,6.1333,39.33,65,40,29.93,scattered clouds
209,Dzilam Gonzalez,MX,21.2833,-88.9333,73.65,91,55,6.04,broken clouds
210,Arman,RU,59.7,150.1667,5.99,71,48,12.33,scattered clouds
211,Esso,RU,55.9333,158.7,15.3,90,100,5.01,overcast clouds
212,Bilibino,RU,68.0546,166.4372,-5.31,80,0,4.61,clear sky
213,Darlawn,IN,24.0167,92.9,58.6,98,99,3.69,overcast clouds
214,Gat,IL,31.61,34.7642,52.48,100,83,11.72,broken clouds
215,Iquique,CL,-20.2208,-70.1431,68.27,76,40,1.63,scattered clouds
216,Mabaruma,GY,8.2,-59.7833,73.09,91,11,3.2,few clouds
217,Khamanon,IN,30.8186,76.3508,47.86,86,0,3.24,clear sky
218,Boa Vista,BR,2.8197,-60.6733,80.58,69,0,9.22,clear sky
219,Ferkessedougou,CI,9.6,-5.2,70.27,15,4,1.19,clear sky
220,Dois Vizinhos,BR,-25.7336,-53.0572,67.48,98,24,2.44,few clouds
221,Bathsheba,BB,13.2167,-59.5167,75.81,69,20,13.8,few clouds
222,Marathon,US,44.9,-89.7668,4.24,83,0,3.44,clear sky
223,Mattawa,US,46.7379,-119.9028,36.1,85,4,3.91,clear sky
224,Bontang,ID,0.1333,117.5,83.08,69,100,6.51,overcast clouds
225,Kisangani,CD,0.5167,25.2,70.92,83,100,3.15,overcast clouds
226,Muravlenko,RU,63.7898,74.523,-0.47,97,70,13.09,broken clouds
227,Sipe Sipe,BO,-17.45,-66.3833,58.75,87,100,3.67,overcast clouds
228,Haines Junction,CA,60.7522,-137.5108,1.92,99,100,2.1,light snow
229,Juneau,US,58.3019,-134.4197,37.85,95,100,3.44,mist
230,Kayerkan,RU,69.3497,87.7602,-7.94,97,94,4.5,overcast clouds
231,Tuktoyaktuk,CA,69.4541,-133.0374,-23.8,76,0,17.27,clear sky
232,Hamilton,US,39.1834,-84.5333,18.84,86,40,0.0,scattered clouds
233,Anadyr,RU,64.75,177.4833,-6.02,79,0,4.81,clear sky
234,Scottsbluff,US,41.8666,-103.6672,34.92,53,0,8.01,clear sky
235,La Paz,BO,-16.5,-68.15,49.98,76,75,4.61,light rain
236,San Quintin,MX,30.4833,-115.95,56.75,56,5,3.36,clear sky
237,Lasa,IT,46.6166,10.7002,29.3,93,28,7.74,scattered clouds
238,Bonthe,SL,7.5264,-12.505,74.82,85,10,1.16,clear sky
239,Kavaratti,IN,10.5669,72.642,77.68,59,82,4.74,broken clouds
240,Asau,RO,46.4333,26.4,22.28,74,41,6.15,scattered clouds
241,Nome,US,64.5011,-165.4064,3.27,66,20,6.91,few clouds
242,Murud,IN,18.3258,72.965,67.39,65,13,3.53,few clouds
243,Qaqortoq,GL,60.7167,-46.0333,3.92,52,5,23.09,clear sky
244,Kikuyu,KE,-1.2458,36.6633,54.68,67,100,2.93,overcast clouds
245,Cockburn Town,TC,21.4612,-71.1419,75.76,73,0,17.52,clear sky
246,Cidreira,BR,-30.1811,-50.2056,72.55,92,13,4.32,few clouds
247,Airai,TL,-8.9266,125.4092,71.83,71,97,2.68,overcast clouds
248,Kyren,RU,51.6828,102.1408,10.0,76,27,1.03,scattered clouds
249,Brae,GB,60.3964,-1.353,39.11,66,100,24.63,overcast clouds
250,Thompson,CA,55.7435,-97.8558,-20.04,76,0,5.75,clear sky
251,Vardo,NO,70.3705,31.1107,21.6,91,100,27.67,light snow
252,Ilulissat,GL,69.2167,-51.1,10.42,56,40,11.5,scattered clouds
253,Chushan,CN,33.2955,113.6528,39.85,36,38,7.11,scattered clouds
254,Oranjestad,AW,12.524,-70.027,78.75,78,20,11.5,few clouds
255,French Harbor,HN,16.35,-86.4333,78.8,93,40,11.5,scattered clouds
256,Russell,US,32.3502,-85.1999,42.08,88,100,10.2,overcast clouds
257,Port Hedland,AU,-20.3167,118.5667,93.25,62,75,18.41,broken clouds
258,Bendigo,AU,-36.7667,144.2833,82.85,35,12,1.01,few clouds
259,Fukue,JP,32.6881,128.8419,41.22,68,100,25.3,overcast clouds
260,Waipawa,NZ,-41.4122,175.5153,56.44,93,100,10.0,light rain
261,Westport,US,41.1415,-73.3579,32.0,87,100,1.01,snow
262,Liverpool,GB,53.4106,-2.9779,42.76,84,20,5.01,few clouds
263,Tsabong,BW,-26.0217,22.401,75.07,36,38,9.24,scattered clouds
264,Kanniyakumari,IN,8.0833,77.5667,78.57,77,22,2.66,few clouds
265,Tabuk,PH,17.4189,121.4443,75.22,78,94,8.25,overcast clouds
266,Hualmay,PE,-11.0964,-77.6139,69.78,85,39,9.1,scattered clouds
267,Babstovo,RU,48.1167,132.4833,-2.24,84,94,5.21,overcast clouds
268,Borba,BR,-4.3878,-59.5939,73.33,99,100,2.39,light rain
269,Faanui,PF,-16.4833,-151.75,80.64,75,58,13.31,light rain
270,Anthili,GR,38.85,22.4667,42.1,92,0,2.46,clear sky
271,Savannah Bight,HN,16.45,-85.85,77.0,75,14,14.61,few clouds
272,Leningradskiy,RU,69.3833,178.4167,-17.7,93,52,7.67,broken clouds
273,Ahipara,NZ,-35.1667,173.1667,71.1,96,91,14.23,overcast clouds
274,San Patricio,US,28.017,-97.5169,42.66,72,6,13.98,clear sky
275,Hami,CN,42.8,93.45,26.22,31,100,2.53,overcast clouds
276,Aykhal,RU,66.0,111.5,-22.13,100,90,5.17,overcast clouds
277,Svetlyy,RU,54.675,20.1347,41.05,93,100,19.6,light rain
278,Husavik,IS,66.0449,-17.3389,16.74,92,100,7.87,overcast clouds
279,Komsomolskiy,UZ,40.4272,71.7189,27.82,63,100,9.22,overcast clouds
280,Faya,SA,18.3851,42.4509,52.25,92,25,5.7,scattered clouds
281,Lazaro Cardenas,MX,17.9583,-102.2,72.88,77,12,1.12,few clouds
282,Chaplygin,RU,53.2432,39.9629,8.29,93,30,10.8,scattered clouds
283,Lethem,GY,3.3803,-59.7968,78.1,74,99,10.11,overcast clouds
284,Maputo,MZ,-25.9653,32.5892,71.28,94,75,12.66,broken clouds
285,Danshui,CN,22.7984,114.4672,60.94,60,94,7.14,overcast clouds
286,Vaitape,PF,-16.5167,-151.75,80.62,75,62,13.33,light rain
287,Clyde River,CA,70.4692,-68.5914,-15.02,98,100,5.46,overcast clouds
288,Chuy,UY,-33.6971,-53.4616,68.81,94,16,4.56,few clouds
289,Honiara,SB,-9.4333,159.95,86.09,71,100,7.78,overcast clouds
290,Yongan,CN,39.6957,113.6871,15.22,40,56,5.53,broken clouds
291,Hithadhoo,MV,-0.6,73.0833,81.79,73,99,11.63,overcast clouds
292,Saint-Denis,FR,48.9167,2.3333,40.14,88,0,3.44,clear sky
293,Kavieng,PG,-2.5744,150.7967,83.97,70,100,6.8,overcast clouds
294,Gizo,SB,-8.103,156.8419,86.11,71,100,13.56,overcast clouds
295,Velikiy Ustyug,RU,60.7644,46.3106,-14.17,100,100,3.49,overcast clouds
296,Lysyye Gory,RU,51.5506,44.8414,10.22,97,100,5.88,overcast clouds
297,Puerto Madero,MX,14.7208,-92.4215,71.8,100,0,0.0,clear sky
298,Krasnyye Baki,RU,57.131,45.1599,16.7,94,100,10.47,snow
299,Port Shepstone,ZA,-30.7414,30.455,70.09,90,100,4.68,moderate rain
300,Dutlwe,BW,-23.9833,23.9,69.73,76,87,13.51,overcast clouds
301,Provideniya,RU,64.3833,-173.3,0.07,68,1,10.18,clear sky
302,Morros,BR,-9.4467,-46.3003,74.8,60,100,2.08,overcast clouds
303,Vestmannaeyjar,IS,63.4427,-20.2734,31.91,74,100,30.67,snow
304,Egvekinot,RU,66.3167,-179.1667,-4.81,70,0,11.81,clear sky
305,Coquimbo,CL,-29.9533,-71.3436,64.13,82,0,2.3,clear sky
306,Rio Gallegos,AR,-51.6226,-69.2181,50.58,64,7,15.93,clear sky
307,Vila Franca Do Campo,PT,37.7167,-25.4333,59.2,78,100,8.59,overcast clouds
308,Nelson Bay,AU,-32.7167,152.15,77.95,60,37,4.0,scattered clouds
309,Port-Gentil,GA,-0.7193,8.7815,79.45,80,57,7.67,broken clouds
310,Sao Gabriel Da Cachoeira,BR,-0.1303,-67.0892,72.64,98,100,1.1,heavy intensity rain
311,Ampanihy,MG,-24.7,44.75,71.42,92,1,8.7,clear sky
312,Rio Grande,BR,-32.035,-52.0986,73.51,94,0,7.83,clear sky
313,Codrington,AU,-38.2667,141.9667,71.47,53,98,19.3,overcast clouds
314,Iringa,TZ,-7.7667,35.7,58.42,98,100,1.81,light rain
315,Krasnomayskiy,RU,57.6194,34.4099,0.91,100,97,4.27,overcast clouds
316,Merritt Island,US,28.5392,-80.672,74.41,81,0,8.05,clear sky
317,Sao Miguel Do Tapuio,BR,-5.5036,-41.3233,75.88,73,89,2.21,overcast clouds
318,Greenwood,US,34.1668,-82.1165,48.27,63,20,1.01,few clouds
319,Vaasa,FI,63.096,21.6158,33.82,93,100,10.36,overcast clouds
320,Kloulklubed,PW,7.0419,134.2556,84.7,81,33,18.05,scattered clouds
321,Ponta Do Sol,PT,32.6667,-17.1,64.71,69,89,4.05,overcast clouds
322,Ancud,CL,-41.8697,-73.8203,53.42,91,10,3.13,clear sky
323,Port Hawkesbury,CA,45.6169,-61.3485,33.19,99,100,6.91,light snow
324,Dixon,US,38.4455,-121.8233,56.19,61,0,0.0,clear sky
325,Tambun,ID,-6.2641,107.0712,84.24,74,40,6.91,scattered clouds
326,Anderson,US,34.5334,-82.6499,47.75,88,0,3.0,clear sky
327,Olga,RU,43.7444,135.2892,13.19,46,14,16.8,few clouds
328,Santa Lucia,ES,27.9117,-15.5407,59.76,39,0,5.75,clear sky
329,Mahdalynivka,UA,48.921,34.9156,24.58,96,91,3.6,overcast clouds
330,Dubbo,AU,-32.25,148.6167,78.93,34,40,14.97,scattered clouds
331,Urumqi,CN,43.801,87.6005,-1.25,85,75,2.24,fog
332,Tshane,BW,-24.0196,21.8684,69.12,74,48,8.01,light rain
333,Santa Cruz,BO,-17.8,-63.1667,74.66,94,75,13.8,broken clouds
334,Marand,IR,38.4329,45.7749,32.34,98,98,1.68,overcast clouds
335,Sesheke,ZM,-17.4759,24.2968,65.08,96,100,4.5,overcast clouds
336,Rock Springs,US,41.5875,-109.2029,26.04,50,0,16.11,clear sky
337,Boende,CD,-0.2167,20.8667,69.8,79,100,2.01,overcast clouds
338,Ugoofaaru,MV,5.6667,73.0,81.16,68,47,10.74,scattered clouds
339,Ulladulla,AU,-35.35,150.4667,70.77,58,36,14.25,scattered clouds
340,Utete,TZ,-7.986,38.758,70.11,98,100,2.35,light rain
341,Otradnoye,RU,59.7775,30.8181,18.55,88,99,12.48,overcast clouds
342,Sinegorye,RU,62.0788,150.477,-13.13,86,10,1.43,clear sky
343,Skibbereen,IE,51.55,-9.2667,48.11,77,67,17.02,broken clouds
344,Saint-Leu,RE,-21.15,55.2833,79.66,77,100,11.52,light rain
345,Carutapera,BR,-1.195,-46.02,75.54,93,100,5.39,overcast clouds
346,Guane,CU,22.2025,-84.0875,72.12,90,23,4.07,few clouds
347,Dano,BF,11.15,-3.0667,69.08,15,10,6.55,clear sky
348,Honningsvag,NO,70.9821,25.9704,21.15,78,99,28.36,overcast clouds
349,Parian Dakula,PH,5.5567,120.7719,81.66,78,99,15.17,light rain
350,Ugra,RU,54.7777,34.3267,-3.57,100,100,2.57,overcast clouds
351,Pevek,RU,69.7008,170.3133,-24.77,99,99,5.73,overcast clouds
352,Khandbari,NP,27.3747,87.2039,50.18,61,65,1.01,broken clouds
353,Kandrian,PG,-6.2167,149.55,90.18,59,70,16.35,broken clouds
354,North Platte,US,41.1239,-100.7654,30.09,57,0,1.01,clear sky
355,Santa Cruz Del Sur,CU,20.7147,-77.9956,73.89,69,13,14.76,few clouds
356,Flin Flon,CA,54.7682,-101.865,-10.1,96,100,6.4,overcast clouds
357,Okhotsk,RU,59.3833,143.3,6.66,71,99,16.11,overcast clouds
358,Grindavik,IS,63.8424,-22.4338,27.07,63,100,21.85,snow
359,Havre-Saint-Pierre,CA,50.2334,-63.5986,1.11,78,100,14.16,overcast clouds
360,Ambulu,ID,-8.345,113.6058,82.09,71,94,0.58,overcast clouds
361,Ballina,AU,-28.8667,153.5667,73.78,75,83,21.36,broken clouds
362,Mocuba,MZ,-16.8392,36.9856,68.97,93,100,3.58,overcast clouds
363,Qurayyat,SA,31.3318,37.3428,48.38,74,79,13.6,broken clouds
364,Rottenmann,AT,47.5167,14.35,36.28,98,78,3.98,light snow
365,Yenagoa,NG,4.9247,6.2642,76.64,89,13,3.02,few clouds
366,Amapa,BR,1.0,-52.0,70.92,99,80,1.52,broken clouds
367,Ostrovnoy,RU,68.0531,39.5131,13.86,85,100,23.24,overcast clouds
368,Clonakilty,IE,51.6231,-8.8706,40.08,81,52,12.64,broken clouds
369,Jackson,US,42.4165,-122.8345,46.04,73,20,0.0,few clouds
370,Kochki,RU,54.3358,80.4806,6.39,85,91,9.01,overcast clouds
371,Saint Anthony,US,45.0205,-93.218,1.94,72,0,3.0,clear sky
372,Chokurdakh,RU,70.6333,147.9167,-30.24,100,12,1.39,few clouds
373,San Antonio,US,29.4241,-98.4936,34.81,66,0,10.36,clear sky
374,Tyulgan,RU,52.3405,56.166,21.76,86,100,11.74,overcast clouds
375,Bekwai,GH,6.4534,-1.5774,71.01,92,2,1.88,clear sky
376,Tura,IN,25.5198,90.2201,57.74,85,31,2.26,scattered clouds
377,Giraltovce,SK,49.114,21.5173,34.14,98,100,3.62,overcast clouds
378,Praia Da Vitoria,PT,38.7333,-27.0667,57.76,93,93,14.14,overcast clouds
379,Vostochnyy,RU,55.8167,37.8667,15.98,100,82,3.11,broken clouds
380,Pahrump,US,36.2083,-115.9839,46.76,27,0,1.01,clear sky
381,College,US,64.8569,-147.8028,6.58,65,100,3.44,light snow
382,Lugus,PH,5.7036,120.8203,81.57,78,100,13.82,heavy intensity rain
383,Tateyama,JP,34.9833,139.8667,47.1,49,70,16.49,broken clouds
384,Hervey Bay,AU,-25.2986,152.8535,81.01,59,23,18.01,few clouds
385,Gazli,UZ,40.1333,63.45,42.58,38,82,17.31,broken clouds
386,Aksu,CN,41.1231,80.2644,26.38,70,99,4.74,overcast clouds
387,Frontera,MX,26.9333,-101.45,39.33,64,3,1.01,clear sky
388,Hobyo,SO,5.3505,48.5268,74.14,71,18,13.82,few clouds
389,Laguna,US,38.421,-121.4238,57.04,61,0,3.44,clear sky
390,Indian Head,US,38.6001,-77.1622,37.26,77,100,10.0,overcast clouds
391,Ciudad Bolivar,VE,8.1222,-63.5497,80.22,53,75,12.3,broken clouds
392,Itupiranga,BR,-5.1347,-49.3267,73.31,97,100,1.81,heavy intensity rain
393,Epe,NG,6.5841,3.9834,73.0,96,1,3.33,clear sky
394,Kirakira,SB,-10.4544,161.9205,84.22,75,100,6.67,overcast clouds
395,Aasiaat,GL,68.7098,-52.8699,4.14,77,100,16.44,overcast clouds
396,Ashoknagar,IN,24.5667,77.7167,55.78,36,0,2.19,clear sky
397,Requena,ES,39.4883,-1.1004,47.71,56,100,1.66,overcast clouds
398,Huanuco,PE,-9.9329,-76.2415,62.98,93,88,3.71,overcast clouds
399,San Jose,US,37.3394,-121.895,57.81,59,40,4.61,scattered clouds
400,Waiuku,NZ,-37.25,174.75,80.96,81,82,13.94,broken clouds
401,Klaksvik,FO,62.2266,-6.589,34.72,56,97,18.23,overcast clouds
402,Tupancireta,BR,-29.0806,-53.8358,69.8,88,20,2.82,few clouds
403,Constitucion,CL,-35.3333,-72.4167,58.15,88,2,11.81,clear sky
404,Lompoc,US,34.6391,-120.4579,57.13,74,0,0.0,clear sky
405,Omsukchan,RU,62.5333,155.8,-11.78,80,7,8.57,clear sky
406,Anyama,CI,5.4946,-4.0518,79.61,82,0,2.19,clear sky
407,Valer,NO,60.6785,11.8331,25.3,96,82,3.13,broken clouds
408,Petropavlovsk-Kamchatskiy,RU,53.0452,158.6483,30.79,43,75,11.18,broken clouds
409,Katherine,AU,-14.4667,132.2667,77.32,94,69,8.05,moderate rain
410,Bandarbeyla,SO,9.4942,50.8122,71.91,75,0,3.78,clear sky
411,Kingston,JM,17.997,-76.7936,70.21,90,12,1.01,few clouds
412,Beyneu,KZ,45.3167,55.2,36.63,89,98,7.07,overcast clouds
413,Harlingen,US,26.1906,-97.6961,44.51,61,6,12.91,clear sky
414,Moroto,UG,2.5345,34.6666,69.15,45,92,2.62,overcast clouds
415,Ussel,FR,45.55,2.3167,41.09,99,100,0.49,overcast clouds
416,Loa Janan,ID,-0.583,117.095,88.97,55,98,3.2,overcast clouds
417,Kangaatsiaq,GL,68.3065,-53.4641,4.14,66,100,22.37,overcast clouds
418,Luderitz,NA,-26.6481,15.1594,68.63,71,90,4.41,overcast clouds
419,Qasigiannguit,GL,68.8193,-51.1922,10.65,91,100,6.6,overcast clouds
420,Tieli,CN,46.95,128.05,-3.37,92,100,3.22,overcast clouds
421,Naqadeh,IR,36.9553,45.388,26.2,86,74,6.2,broken clouds
422,Carauari,BR,-4.8828,-66.8958,72.0,98,59,1.95,broken clouds
423,Pemangkat,ID,1.1667,108.9667,82.45,71,100,9.1,overcast clouds
424,Tall Kayf,TR,37.0833,41.0667,37.74,81,39,5.82,scattered clouds
425,Visby,SE,57.6409,18.296,35.82,93,100,11.5,overcast clouds
426,Berlevag,NO,70.8578,29.0864,20.62,80,100,27.49,overcast clouds
427,Poum,NC,-20.2333,164.0167,81.5,76,99,15.79,moderate rain
428,Galesong,ID,-5.3166,119.3661,86.02,71,99,9.06,overcast clouds
429,Gamba,GA,-2.65,10.0,75.09,86,100,3.85,overcast clouds
430,Talnakh,RU,69.4865,88.3972,-7.64,97,92,4.7,overcast clouds
431,Sovetskaya,RU,44.7769,41.1722,28.45,94,100,15.32,overcast clouds
432,Minna,NG,9.6139,6.5569,72.48,12,0,11.21,clear sky
433,Tayoltita,MX,24.0833,-105.9333,55.08,60,0,6.44,clear sky
434,Verkhoyansk,RU,67.5447,133.385,-31.38,96,68,0.96,broken clouds
435,Northam,GB,51.0333,-4.2167,45.61,75,8,11.86,clear sky
436,Demyanovo,RU,60.3511,47.0842,-10.21,100,100,3.71,overcast clouds
437,Lavrentiya,RU,65.5833,-171.0,-10.21,83,2,9.42,clear sky
438,Vallenar,CL,-28.5708,-70.7581,69.8,54,0,0.54,clear sky
439,Izhma,RU,65.0083,53.9113,-12.23,100,90,2.55,overcast clouds
440,Bria,CF,6.5423,21.9863,70.02,28,46,4.79,scattered clouds
441,Kidal,ML,18.4411,1.4078,57.02,18,0,11.23,clear sky
442,Tokur,RU,53.1333,132.9,-3.82,83,76,3.4,broken clouds
443,Fomboni,KM,-12.28,43.7425,82.6,73,63,20.94,moderate rain
444,Skegness,GB,53.1436,0.3363,38.57,82,12,18.28,few clouds
445,Mungaa,TZ,-4.9667,34.8833,57.38,98,100,2.59,overcast clouds
446,Bahile,PH,9.9995,118.7878,84.96,64,72,9.86,broken clouds
447,Schmallenberg,DE,51.15,8.3,36.45,82,100,12.88,overcast clouds
448,Vagay,RU,57.9375,69.0217,17.44,95,100,4.21,overcast clouds
449,Arroyo,ES,41.6096,-4.7969,47.19,80,0,4.61,clear sky
450,Burgeo,CA,47.6167,-57.6152,22.08,92,100,26.11,snow
451,Viransehir,TR,37.2353,39.7631,38.14,80,3,6.8,clear sky
452,San Cristobal,VE,7.7669,-72.225,71.78,91,51,2.3,broken clouds
453,Mubende,UG,0.5606,31.39,64.96,60,99,0.29,overcast clouds
454,Tual,ID,-5.6667,132.75,83.7,78,100,17.22,overcast clouds
455,Antofagasta,CL,-23.65,-70.4,63.68,71,4,4.59,clear sky
456,Vao,NC,-22.6667,167.4833,80.35,86,100,10.96,light rain
457,Ploemeur,FR,47.7333,-3.4333,45.82,87,0,4.61,clear sky
458,Lagoa,PT,39.05,-27.9833,57.67,83,81,19.57,broken clouds
459,Los Llanos De Aridane,ES,28.6585,-17.9182,58.12,78,0,7.0,clear sky
460,Ola,RU,59.5833,151.2833,5.86,71,8,10.45,clear sky
461,Bairiki,KI,1.3292,172.9752,87.8,70,40,13.8,light rain
462,Lavumisa,SZ,-27.31,31.892,68.92,97,98,4.94,light rain
463,Brigantine,US,39.4101,-74.3646,36.01,93,100,11.5,snow
464,Mahanoro,MG,-19.9,48.8,75.69,94,100,27.25,moderate rain
465,Bilma,NE,18.6853,12.9164,56.28,23,3,5.64,clear sky
466,Baoshan,CN,46.5586,131.4244,4.93,70,17,10.29,few clouds
467,Pangody,RU,65.85,74.4859,9.59,96,100,6.53,overcast clouds
468,Auki,SB,-8.7676,160.7034,84.67,73,100,7.83,overcast clouds
469,Yar-Sale,RU,66.8333,70.8333,-1.53,100,90,5.66,overcast clouds
470,Prestea,GH,5.4327,-2.1428,74.37,90,24,0.69,few clouds
471,Alekseyevskaya,RU,50.2896,42.1845,9.39,97,82,5.48,broken clouds
472,Makakilo City,US,21.3469,-158.0858,77.32,63,75,6.91,broken clouds
473,Sinop,TR,41.7711,34.8709,20.17,83,68,9.48,broken clouds
474,Quatre Cocos,MU,-20.2078,57.7625,80.1,86,99,19.28,light rain
475,Camacha,PT,33.0833,-16.3333,60.22,94,20,4.61,few clouds
476,Mariental,NA,-24.6333,17.9667,73.4,35,16,9.89,few clouds
477,Mastic Beach,US,40.7668,-72.8521,33.04,89,100,1.99,snow
478,Peniche,PT,39.3558,-9.3811,54.63,75,93,13.38,overcast clouds
479,Sainte-Thecle,CA,46.8168,-72.4991,7.39,93,100,4.72,overcast clouds
480,Tokmak,UA,47.2514,35.7058,24.3,86,97,8.08,overcast clouds
481,Nyurba,RU,63.2842,118.3319,-14.53,96,95,2.19,overcast clouds
482,Hefei,CN,31.8639,117.2808,41.23,56,4,11.16,clear sky
483,Sabya,SA,17.1495,42.6254,77.7,77,0,7.67,clear sky
484,Mayor Pablo Lagerenza,PY,-19.9309,-60.7718,81.39,61,3,6.73,clear sky
485,Bayanday,RU,53.0661,105.5139,7.09,89,100,2.98,overcast clouds
486,Gurbanesti,RO,44.3833,26.7,36.5,69,1,7.54,clear sky
487,Baruun-Urt,MN,46.6806,113.2792,7.05,75,49,9.46,scattered clouds
488,Half Moon Bay,US,37.4636,-122.4286,56.91,64,0,3.44,clear sky
489,Totma,RU,59.9747,42.7642,-14.91,100,100,2.86,overcast clouds
490,Saint-Pierre,RE,-21.3393,55.4781,80.28,74,100,8.05,overcast clouds
491,Agaro,ET,7.85,36.65,65.01,56,100,1.05,overcast clouds
492,Aneho,TG,6.2333,1.6,78.57,81,0,8.01,clear sky
493,Moussoro,TD,13.6408,16.4901,59.86,24,4,18.92,clear sky
494,Marsh Harbour,BS,26.5412,-77.0636,73.06,64,0,10.45,clear sky
495,Kindu,CD,-2.95,25.95,67.77,99,100,3.06,overcast clouds
496,Pitimbu,BR,-7.4706,-34.8086,79.39,71,5,9.15,clear sky
497,Odessa,UA,46.4775,30.7326,33.73,86,0,8.95,clear sky
498,Notre-Dame-Du-Lac,CA,47.6136,-68.7964,8.26,97,100,5.37,light snow
499,Chodziez,PL,52.995,16.9198,37.42,94,100,19.13,overcast clouds
500,Mitu,CO,1.1983,-70.1733,71.08,98,100,1.05,heavy intensity rain
501,Manggar,ID,-2.8833,108.2667,82.63,71,100,5.39,moderate rain
502,Hue,VN,16.4667,107.6,62.71,100,75,5.75,mist
503,Richards Bay,ZA,-28.783,32.0377,71.51,93,100,15.86,heavy intensity rain
504,Teeli,RU,51.0333,90.2333,-12.53,89,15,0.51,few clouds
505,Gwembe,ZM,-16.4975,27.6069,61.41,94,99,4.92,overcast clouds
506,Taoudenni,ML,22.6783,-3.9836,63.3,15,24,9.44,few clouds
507,Thabazimbi,ZA,-24.5917,27.4116,67.21,90,100,4.36,overcast clouds
508,Tisovec,SK,48.6774,19.9436,40.87,95,100,3.13,overcast clouds
509,Urubicha,BO,-15.3833,-62.95,72.19,97,89,2.84,light rain
510,Atkinson,US,42.8384,-71.147,24.62,88,100,1.01,overcast clouds
511,Santa Cruz De La Palma,ES,28.6835,-17.7642,62.13,72,0,5.75,clear sky
512,Tazovskiy,RU,67.4667,78.7,6.55,96,100,7.02,overcast clouds
513,Lokoja,NG,7.8024,6.743,74.03,18,0,2.86,clear sky
514,Bhola,BD,22.6833,90.65,67.69,82,40,5.91,scattered clouds
515,Ayan,RU,56.45,138.1667,-0.89,66,52,14.16,broken clouds
516,Aiquile,BO,-18.2041,-65.1807,59.63,93,100,1.01,overcast clouds
517,Sipoo,FI,60.3775,25.2691,30.85,77,75,19.57,snow
518,Severo-Yeniseyskiy,RU,60.3725,93.0408,14.79,92,100,9.42,overcast clouds
519,Charters Towers,AU,-20.1,146.2667,87.03,42,14,11.83,few clouds
520,Ceglie Messapica,IT,40.6439,17.5155,45.18,92,41,1.97,scattered clouds
521,Palm Coast,US,29.585,-81.2078,73.0,72,75,1.99,broken clouds
522,Pavlodar,KZ,52.3,76.95,-2.4,78,0,11.18,clear sky
523,Sakaiminato,JP,35.55,133.2333,35.58,75,75,10.36,broken clouds
524,Khonsa,IN,27.0167,95.5667,50.43,98,100,2.24,overcast clouds
525,Paks,HU,46.6265,18.8596,42.35,89,97,5.79,overcast clouds
526,Areia Branca,BR,-4.9561,-37.1369,79.27,75,57,13.96,broken clouds
527,Ocos,GT,14.5094,-92.1933,82.31,72,4,2.89,clear sky
528,Nuevo Ideal,MX,24.8875,-105.0728,38.84,55,0,3.22,clear sky
529,Ordu,TR,40.9086,37.6845,21.7,83,77,5.3,broken clouds
530,Cleveland,US,41.4995,-81.6954,19.27,85,100,14.97,overcast clouds
531,Nabire,ID,-3.3667,135.4833,86.45,64,100,6.15,overcast clouds
532,Hays,US,30.0502,-98.0336,32.09,80,6,7.0,clear sky
533,Goderich,CA,43.7501,-81.7165,11.91,78,100,5.75,overcast clouds
534,Sunrise Manor,US,36.2111,-115.0731,51.06,25,0,0.0,clear sky
535,Krasnovishersk,RU,60.4078,57.082,12.42,94,100,3.13,overcast clouds
536,Port Hardy,CA,50.6996,-127.4199,45.75,93,100,6.91,light rain
537,Rabo De Peixe,PT,37.8,-25.5833,58.28,85,75,8.05,broken clouds
538,Okahandja,NA,-21.9833,16.9167,69.84,66,68,6.08,broken clouds
539,Rawson,AR,-43.3002,-65.1023,58.64,59,80,17.83,broken clouds
540,Ahuimanu,US,21.4447,-157.8378,80.31,65,100,1.99,overcast clouds
541,Roseburg,US,43.2165,-123.3417,47.37,80,100,0.0,overcast clouds
542,Shwebo,MM,22.5667,95.7,69.17,43,91,3.47,overcast clouds
543,Yilan,TW,24.757,121.753,61.36,99,100,5.08,overcast clouds
544,Emba,KZ,48.8264,58.1442,25.2,86,100,17.4,overcast clouds
545,Broome,US,42.2506,-75.833,16.7,89,100,3.0,overcast clouds
546,Jasper,US,37.2001,-94.3502,22.91,59,0,1.01,clear sky
547,Dustlik,UZ,40.5247,68.0358,40.42,29,0,23.06,clear sky
548,Nong Khai,TH,17.9167,103.0833,76.03,47,72,7.92,broken clouds
549,Vryburg,ZA,-26.9566,24.7284,62.73,87,4,6.8,clear sky
550,Belle Fourche,US,44.6714,-103.8522,44.11,76,8,4.5,clear sky
551,Gaujani,RO,43.7333,25.7,34.83,65,8,4.36,clear sky
552,Yatou,CN,37.15,122.3833,30.02,39,78,16.44,broken clouds
553,Geraldton,AU,-28.7667,114.6,108.01,8,0,12.66,clear sky
554,Kenai,US,60.5544,-151.2583,25.14,93,100,3.44,mist
555,Nemuro,JP,43.3236,145.575,27.03,63,6,15.55,clear sky
556,Keetmanshoop,NA,-26.5833,18.1333,77.74,37,9,8.55,clear sky
557,Manica,FR,49.0,-1.1667,38.61,94,64,3.27,broken clouds
558,Gimli,CA,50.6336,-96.9907,-10.57,77,100,6.91,overcast clouds
559,Akyab,MM,20.15,92.9,72.99,62,15,2.53,few clouds
560,Jaque,PA,7.5175,-78.1703,77.97,83,11,5.46,few clouds
561,Moose Factory,CA,51.2585,-80.6094,-13.25,98,100,3.58,overcast clouds
562,Careiro Da Varzea,BR,-3.2003,-59.8119,75.81,94,100,2.44,light rain
563,Santa Ana,US,33.7456,-117.8678,64.62,25,20,5.99,few clouds
564,Alnashi,RU,56.1874,52.4792,21.0,98,100,4.21,overcast clouds
565,Tuatapere,NZ,-46.1333,167.6833,59.83,53,24,8.99,few clouds
566,Coihaique,CL,-45.5752,-72.0662,57.15,72,0,3.44,clear sky
567,Yuzhno-Kurilsk,RU,44.0306,145.8556,25.32,70,66,17.43,broken clouds
568,Qui Nhon,VN,13.7667,109.2333,74.86,84,82,19.15,broken clouds
569,Obidos,BR,-1.9175,-55.5181,74.01,92,91,2.17,overcast clouds
570,Ust-Kuyga,RU,70.0167,135.6,-34.35,100,99,4.74,overcast clouds
571,Maloy,NO,61.9353,5.1136,38.93,74,98,8.01,overcast clouds
572,Nueva Granada,CO,9.8017,-74.393,78.67,72,28,6.31,scattered clouds
573,Nouadhibou,MR,20.931,-17.0347,66.04,67,4,13.24,clear sky
574,Luanda,AO,-8.8368,13.2343,75.2,83,75,6.91,broken clouds
575,Isangel,VU,-19.55,169.2667,75.31,94,100,4.61,light rain
576,Hambantota,LK,6.1241,81.1185,77.41,76,81,7.81,broken clouds
577,Bull Savanna,JM,17.8868,-77.5902,72.25,83,9,4.83,clear sky
578,Guarapari,BR,-20.6667,-40.4975,73.29,88,100,10.85,overcast clouds
579,Gaya,IN,24.7833,85.0,57.11,88,1,6.91,mist
580,Mayumba,GA,-3.432,10.6554,75.65,83,100,1.05,overcast clouds
581,Trofors,NO,65.5333,13.4063,36.75,94,100,7.76,light rain
582,Tabas,IR,33.5959,56.9244,54.27,50,77,7.65,broken clouds
583,Kui Buri,TH,12.0828,99.8543,80.6,78,38,7.25,light rain
584,Bonavista,CA,48.6499,-53.1147,29.12,94,100,22.66,snow
585,Coahuayana,MX,18.7333,-103.6833,68.18,79,3,3.0,clear sky
586,Gusau,NG,12.1628,6.6614,62.42,15,0,14.23,clear sky
587,Dickinson,US,29.4608,-95.0513,35.2,79,100,7.0,overcast clouds
588,Araripina,BR,-7.5761,-40.4983,71.44,61,36,4.63,scattered clouds
589,Vila Velha,BR,-20.3297,-40.2925,73.35,96,20,3.44,few clouds
590,Morehead,US,37.2711,-87.1764,19.15,93,0,0.0,clear sky
591,Nexo,DK,55.0607,15.1306,39.29,83,100,26.53,overcast clouds
592,Celestun,MX,20.8667,-90.4,74.21,89,8,19.06,clear sky
593,The Valley,AI,18.217,-63.0578,73.09,77,100,16.06,overcast clouds
594,Merrill,US,45.1805,-89.6835,2.97,89,0,0.0,clear sky
595,Preobrazheniye,RU,42.9019,133.9064,13.71,42,4,7.99,clear sky
596,Islahiye,TR,37.025,36.6306,33.58,81,3,4.14,clear sky
597,Pinyug,RU,60.251,47.7842,-6.84,100,100,4.68,overcast clouds
598,Merauke,ID,-8.4667,140.3333,85.91,69,53,14.47,broken clouds
599,Mantua,IT,45.1667,10.7833,45.72,90,100,1.01,overcast clouds
600,Mehamn,NO,71.0357,27.8492,19.44,83,100,28.9,overcast clouds
601,Lorengau,PG,-2.0226,147.2712,85.17,63,98,8.79,overcast clouds
602,Sola,VU,-13.8833,167.55,82.54,77,100,21.34,overcast clouds
603,Sicamous,CA,50.8331,-118.9856,34.29,98,100,2.84,overcast clouds
604,Ust-Nera,RU,64.5667,143.2,-11.61,82,61,1.07,broken clouds
605,Plouzane,FR,48.3833,-4.6167,44.65,84,20,4.61,few clouds
606,Humaita,BR,-7.5061,-63.0208,73.47,98,100,2.21,moderate rain
607,Roebourne,AU,-20.7833,117.1333,92.39,54,65,17.45,broken clouds
608,Talaya,RU,61.3833,152.75,-24.83,95,56,2.28,broken clouds
609,Cabedelo,BR,-6.9811,-34.8339,79.47,76,7,10.27,clear sky
610,Aloleng,PH,16.1307,119.7824,83.77,59,55,7.27,broken clouds
611,Eureka,US,40.8021,-124.1637,47.25,86,100,1.01,overcast clouds
612,Envira,BR,-7.3,-70.2167,71.64,99,100,2.33,overcast clouds
613,Evensk,RU,61.95,159.2333,15.49,53,2,14.94,clear sky
614,Tobolsk,RU,58.2,68.2667,18.16,95,100,5.44,overcast clouds
615,Baykalovo,RU,57.3981,63.7684,21.24,92,100,7.49,overcast clouds
616,Dicabisagan,PH,17.0818,122.4157,75.29,85,98,11.03,overcast clouds
617,San Nicolas,PH,18.1725,120.5953,87.94,58,20,16.11,few clouds
618,Yantal,RU,56.8471,105.2542,12.15,92,100,5.37,overcast clouds
619,Calvinia,ZA,-31.4707,19.776,70.32,51,72,9.98,broken clouds
620,Waiouru,NZ,-39.4833,175.6667,66.99,70,99,2.53,light rain
621,Suicheng,CN,33.8963,117.9331,37.36,20,2,6.26,clear sky
622,Parabel,RU,58.6978,81.4825,20.62,90,100,11.86,overcast clouds
623,Davila,PH,18.4726,120.5763,84.18,76,40,26.49,scattered clouds
624,Nova Olimpia,BR,-14.7972,-57.2881,73.54,90,100,3.4,overcast clouds
625,Esik,KZ,43.3552,77.4525,17.02,54,0,8.08,clear sky
626,Porto Empedocle,IT,37.2934,13.5264,51.89,78,2,3.29,clear sky
627,Linxia,CN,35.6003,103.2064,19.96,86,100,4.5,light snow
628,Pangai,TO,-19.8,-174.35,77.11,88,100,8.05,overcast clouds
629,Iracoubo,GF,5.4802,-53.2011,76.14,89,99,8.55,overcast clouds
630,Jimani,DO,18.4917,-71.8502,75.09,81,26,3.58,scattered clouds
631,Pascagoula,US,30.3658,-88.5561,37.42,90,100,16.11,overcast clouds
632,Sakakah,SA,29.9697,40.2064,44.17,70,4,11.3,clear sky
633,Masuguru,TZ,-11.3667,38.4167,71.98,94,100,5.17,light rain
634,Iranshahr,IR,27.2025,60.6848,48.54,29,0,4.61,clear sky
635,Winnemucca,US,40.973,-117.7357,39.11,48,0,5.75,clear sky
636,Chaihe,CN,44.7667,129.7,6.06,67,88,13.73,overcast clouds
637,Morondava,MG,-20.2833,44.2833,79.18,70,86,6.22,overcast clouds
638,Vanimo,PG,-2.6741,141.3028,85.8,68,53,9.28,broken clouds
639,San Rafael,AR,-34.6177,-68.3301,62.76,67,51,5.86,broken clouds
640,Marshfield,US,44.6689,-90.1718,4.44,78,20,4.61,few clouds
641,Japura,ID,-0.3167,102.35,82.38,73,100,2.55,moderate rain
642,Pringsewu,ID,-5.3582,104.9744,72.88,98,100,1.54,overcast clouds
643,Shetpe,KZ,44.1667,52.1167,35.06,96,100,10.94,overcast clouds
644,Tarko-Sale,RU,64.9225,77.785,13.17,95,100,12.86,light snow
645,Brabova,RO,44.3667,23.4333,28.63,66,0,3.38,clear sky
646,Sur,OM,22.5667,59.5289,68.77,48,9,8.57,clear sky
647,Pijijiapan,MX,15.7011,-93.23,75.47,61,1,15.97,clear sky
648,Voslobeni,RO,46.65,25.6333,15.01,91,57,2.55,broken clouds
649,Cozumel,MX,20.5083,-86.9458,75.99,89,0,1.99,clear sky
650,Alofi,NU,-19.0595,-169.9187,76.89,94,100,5.75,overcast clouds
651,Hay River,CA,60.8156,-115.7999,-13.02,77,75,6.91,broken clouds
652,Yashkul,RU,46.1711,45.3435,33.46,83,100,12.41,light snow
653,Xichang,CN,27.8964,102.2634,50.86,61,12,3.0,few clouds
654,Bijar,IR,35.8668,47.6051,23.58,84,100,11.3,overcast clouds
655,Shihezi,CN,44.3,86.0333,3.87,94,96,2.44,overcast clouds
656,Mareeba,AU,-17.0,145.4333,83.66,84,99,3.4,overcast clouds
657,Garowe,SO,8.4054,48.4845,60.24,60,9,6.58,clear sky
658,Hukuntsi,BW,-24.0,21.75,69.21,73,71,8.57,light rain
659,Wattegama,LK,6.7989,81.4808,77.29,70,77,2.75,broken clouds
660,Hostotipaquillo,MX,21.0667,-104.0667,69.85,56,42,3.8,scattered clouds
661,Kawambwa,ZM,-9.7915,29.0791,58.5,97,100,2.64,overcast clouds
662,Dunedin,NZ,-45.8742,170.5036,56.41,59,84,5.93,broken clouds
663,Malindi,KE,-3.2175,40.1191,75.42,89,54,2.66,broken clouds
664,Tagusao,PH,9.1924,117.8141,81.66,74,97,8.66,overcast clouds
665,Muncar,ID,-8.4333,114.3333,83.66,67,93,2.13,overcast clouds
666,Martapura,ID,-3.4167,114.85,86.09,70,40,3.44,scattered clouds
667,Summerland,CA,49.5998,-119.6691,36.09,75,95,10.36,overcast clouds
668,Magadan,RU,59.5667,150.8,6.42,69,10,9.91,clear sky
669,Zarya,RU,55.7553,38.0958,16.29,100,89,3.29,overcast clouds
670,Vidim,RU,56.4088,103.1106,13.69,94,100,7.09,overcast clouds
671,Holland,US,42.7875,-86.1089,17.56,87,100,4.61,fog
672,Sivas,TR,39.7916,37.0019,20.03,93,75,5.75,broken clouds
673,Wufeng,CN,27.45,104.8333,33.44,91,100,2.59,overcast clouds
674,Fort Nelson,CA,58.8053,-122.7002,-9.81,70,100,3.44,light snow
675,Aras,ES,42.5617,-2.356,42.73,87,100,8.05,overcast clouds
676,Mwene-Ditu,CD,-7.0,23.45,63.23,97,100,1.03,overcast clouds
677,Gursu,TR,40.2188,29.1949,22.66,60,0,3.31,clear sky
678,Ponta Delgada,PT,37.7333,-25.6667,58.5,72,40,8.05,scattered clouds
679,Churapcha,RU,62.0025,132.4325,-23.44,94,99,4.0,overcast clouds
680,Illapel,CL,-31.6308,-71.1653,69.48,59,0,2.21,clear sky
681,Bolshaya Rechka,RU,51.9503,104.7355,-1.93,72,95,1.99,overcast clouds
682,Kibala,TD,9.1104,18.3463,66.15,27,0,0.0,clear sky
683,Port Macquarie,AU,-31.4333,152.9167,73.89,58,91,14.41,overcast clouds
684,Maceio,BR,-9.6658,-35.7353,74.64,88,20,3.44,few clouds
685,Warrington,GB,53.3925,-2.5802,42.46,84,20,5.01,few clouds
686,Bentiu,SS,9.2333,29.8333,70.2,19,75,6.78,broken clouds
687,Abu Dhabi,AE,24.4667,54.3667,62.62,88,2,5.75,clear sky
688,Satipo,PE,-11.2522,-74.6386,69.51,97,61,2.15,broken clouds
689,Rognan,NO,67.0953,15.3878,28.54,86,98,12.15,overcast clouds
690,Vrangel,RU,42.7297,133.0839,13.46,49,6,18.28,clear sky
691,Marquette,US,46.5333,-87.6335,7.34,69,79,7.11,broken clouds
692,Pisco,PE,-13.7,-76.2167,66.25,82,0,8.05,clear sky
693,Asyut,EG,27.181,31.1837,47.8,67,5,8.34,clear sky
694,Batemans Bay,AU,-35.7167,150.1833,73.2,57,70,12.19,broken clouds
